{
    "view_matrix": [
        -1.0,
        0.0,
        -0.0,
        0.0,
        -0.0,
        -1.0,
        -0.0,
        0.0,
        -0.0,
        0.0,
        1.0,
        0.0,
        0.0,
        -0.0,
        -2.0,
        1.0
    ],
    "proj_matrix": [
        0.8123531341552734,
        0.0,
        0.0,
        0.0,
        0.0,
        1.444183349609375,
        0.0,
        0.0,
        0.0,
        0.0,
        -1.0010005235671997,
        -1.0,
        0.0,
        0.0,
        -0.020010003820061684,
        0.0
    ],
    "cam_forward": [
        0,
        0,
        -1
    ],
    "cam_horiz": [
        1,
        0,
        0
    ],
    "cam_vert": [
        0,
        1,
        0
    ],
    "cam_dist": 2.0,
    "cam_tgt": [
        0,
        0,
        0
    ],
    "cam_resolution": [
        1280,
        720
    ]
}